grp_pqcrystals_dilithium2_ref_Pipeline_VITIS_LOOP_205_1_fu_59,VITIS_LOOP_205_1,upc_loop_status1.csv
grp_pqcrystals_dilithium2_ref_signature_1_fu_71,VITIS_LOOP_21_2,seq_loop_status1.csv
grp_pqcrystals_dilithium2_ref_signature_1_fu_71,VITIS_LOOP_20_1,seq_loop_status2.csv
grp_pqcrystals_dilithium2_ref_signature_1_fu_71,VITIS_LOOP_55_2,seq_loop_status3.csv
grp_pqcrystals_dilithium2_ref_signature_1_fu_71,VITIS_LOOP_100_1_VITIS_LOOP_54_1,seq_loop_status4.csv
grp_pqcrystals_dilithium2_ref_signature_1_fu_71,VITIS_LOOP_55_2,seq_loop_status5.csv
grp_pqcrystals_dilithium2_ref_signature_1_fu_71,VITIS_LOOP_282_1_VITIS_LOOP_54_1,seq_loop_status6.csv
grp_pqcrystals_dilithium2_ref_signature_1_fu_71,VITIS_LOOP_55_2,seq_loop_status7.csv
grp_pqcrystals_dilithium2_ref_signature_1_fu_71,VITIS_LOOP_282_1_VITIS_LOOP_54_1,seq_loop_status8.csv
grp_pqcrystals_dilithium2_ref_signature_1_fu_71,VITIS_LOOP_46_1,seq_loop_status9.csv
grp_pqcrystals_dilithium2_ref_signature_1_fu_71,VITIS_LOOP_55_2,seq_loop_status10.csv
grp_pqcrystals_dilithium2_ref_signature_1_fu_71,VITIS_LOOP_100_1_VITIS_LOOP_54_1,seq_loop_status11.csv
grp_pqcrystals_dilithium2_ref_signature_1_fu_71,VITIS_LOOP_137_1,seq_loop_status12.csv
grp_pqcrystals_dilithium2_ref_signature_1_fu_71,VITIS_LOOP_28_1,seq_loop_status13.csv
grp_pqcrystals_dilithium2_ref_signature_1_fu_71,VITIS_LOOP_55_2,seq_loop_status14.csv
grp_pqcrystals_dilithium2_ref_signature_1_fu_71,VITIS_LOOP_54_1,seq_loop_status15.csv
grp_pqcrystals_dilithium2_ref_signature_1_fu_71,VITIS_LOOP_84_2,seq_loop_status16.csv
grp_pqcrystals_dilithium2_ref_signature_1_fu_71,VITIS_LOOP_83_1,seq_loop_status17.csv
grp_pqcrystals_dilithium2_ref_signature_1_fu_71,VITIS_LOOP_107_1,seq_loop_status18.csv
grp_pqcrystals_dilithium2_ref_signature_1_fu_71,Loop 5,seq_loop_status19.csv
grp_pqcrystals_dilithium2_ref_signature_1_fu_71.grp_pqcrystals_dilithium2_ref_signature_1_Pipeline_VITIS_LOOP_122_1_fu_17167,VITIS_LOOP_122_1,upc_loop_status2.csv
grp_pqcrystals_dilithium2_ref_signature_1_fu_71.grp_pqcrystals_dilithium2_ref_signature_1_Pipeline_VITIS_LOOP_126_2_fu_17187,VITIS_LOOP_126_2,upc_loop_status3.csv
grp_pqcrystals_dilithium2_ref_signature_1_fu_71.grp_pqcrystals_dilithium2_ref_signature_1_Pipeline_VITIS_LOOP_130_3_fu_17194,VITIS_LOOP_130_3,upc_loop_status4.csv
grp_pqcrystals_dilithium2_ref_signature_1_fu_71.grp_pqcrystals_dilithium2_ref_signature_1_Pipeline_VITIS_LOOP_134_4_fu_17201,VITIS_LOOP_134_4,upc_loop_status5.csv
grp_pqcrystals_dilithium2_ref_signature_1_fu_71.grp_keccak_absorb_19_fu_17208,VITIS_LOOP_416_5,upc_loop_status6.csv
grp_pqcrystals_dilithium2_ref_signature_1_fu_71.grp_pqcrystals_dilithium2_ref_signature_1_Pipeline_VITIS_LOOP_138_5_fu_17217,VITIS_LOOP_138_5,upc_loop_status7.csv
grp_pqcrystals_dilithium2_ref_signature_1_fu_71.grp_keccak_absorb_1_fu_17224,Loop 1,seq_loop_status20.csv
grp_pqcrystals_dilithium2_ref_signature_1_fu_71.grp_keccak_absorb_1_fu_17224,VITIS_LOOP_408_3,seq_loop_status21.csv
grp_pqcrystals_dilithium2_ref_signature_1_fu_71.grp_keccak_absorb_1_fu_17224.grp_keccak_absorb_1_Pipeline_VITIS_LOOP_391_1_fu_262,VITIS_LOOP_391_1,upc_loop_status8.csv
grp_pqcrystals_dilithium2_ref_signature_1_fu_71.grp_keccak_absorb_1_fu_17224.grp_keccak_absorb_1_Pipeline_VITIS_LOOP_30_1_fu_272,VITIS_LOOP_30_1,upc_loop_status9.csv
grp_pqcrystals_dilithium2_ref_signature_1_fu_71.grp_keccak_absorb_1_fu_17224.grp_keccak_absorb_1_Pipeline_VITIS_LOOP_400_2_fu_278,VITIS_LOOP_400_2,upc_loop_status10.csv
grp_pqcrystals_dilithium2_ref_signature_1_fu_71.grp_keccak_absorb_1_fu_17224.grp_KeccakF1600_StatePermute_fu_291,VITIS_LOOP_131_1,seq_loop_status22.csv
grp_pqcrystals_dilithium2_ref_signature_1_fu_71.grp_keccak_absorb_1_fu_17224.grp_keccak_absorb_1_Pipeline_VITIS_LOOP_409_4_fu_299,VITIS_LOOP_409_4,upc_loop_status11.csv
grp_pqcrystals_dilithium2_ref_signature_1_fu_71.grp_keccak_absorb_1_fu_17224.grp_keccak_absorb_1_Pipeline_VITIS_LOOP_416_5_fu_309,VITIS_LOOP_416_5,upc_loop_status12.csv
grp_pqcrystals_dilithium2_ref_signature_1_fu_71.grp_keccak_absorb_1_fu_17224.grp_keccak_absorb_1_Pipeline_VITIS_LOOP_425_7_fu_325,VITIS_LOOP_425_7,upc_loop_status13.csv
grp_pqcrystals_dilithium2_ref_signature_1_fu_71.grp_keccak_absorb_1_fu_17224.grp_keccak_absorb_1_Pipeline_VITIS_LOOP_30_124_fu_335,VITIS_LOOP_30_1,upc_loop_status14.csv
grp_pqcrystals_dilithium2_ref_signature_1_fu_71.grp_pqcrystals_dilithium2_ref_signature_1_Pipeline_VITIS_LOOP_142_6_fu_17241,VITIS_LOOP_142_6,upc_loop_status15.csv
grp_pqcrystals_dilithium2_ref_signature_1_fu_71.grp_KeccakF1600_StatePermute_fu_17248,VITIS_LOOP_131_1,seq_loop_status23.csv
grp_pqcrystals_dilithium2_ref_signature_1_fu_71.grp_pqcrystals_dilithium2_ref_signature_1_Pipeline_VITIS_LOOP_540_5_fu_17255,VITIS_LOOP_540_5,upc_loop_status16.csv
grp_pqcrystals_dilithium2_ref_signature_1_fu_71.grp_pqcrystals_dilithium2_ref_signature_1_Pipeline_VITIS_LOOP_416_5_fu_17261,VITIS_LOOP_416_5,upc_loop_status17.csv
grp_pqcrystals_dilithium2_ref_signature_1_fu_71.grp_KeccakF1600_StatePermute_1_fu_17267,VITIS_LOOP_131_1,seq_loop_status24.csv
grp_pqcrystals_dilithium2_ref_signature_1_fu_71.grp_pqcrystals_dilithium2_ref_signature_1_Pipeline_VITIS_LOOP_540_59_fu_17274,VITIS_LOOP_540_5,upc_loop_status18.csv
grp_pqcrystals_dilithium2_ref_signature_1_fu_71.grp_pqcrystals_dilithium2_ref_poly_uniform_fu_17280,VITIS_LOOP_362_1,seq_loop_status25.csv
grp_pqcrystals_dilithium2_ref_signature_1_fu_71.grp_pqcrystals_dilithium2_ref_poly_uniform_fu_17280,VITIS_LOOP_474_1,seq_loop_status26.csv
grp_pqcrystals_dilithium2_ref_signature_1_fu_71.grp_pqcrystals_dilithium2_ref_poly_uniform_fu_17280,VITIS_LOOP_377_1,seq_loop_status27.csv
grp_pqcrystals_dilithium2_ref_signature_1_fu_71.grp_pqcrystals_dilithium2_ref_poly_uniform_fu_17280.grp_pqcrystals_dilithium2_ref_poly_uniform_Pipeline_VITIS_LOOP_416_5_fu_190,VITIS_LOOP_416_5,upc_loop_status19.csv
grp_pqcrystals_dilithium2_ref_signature_1_fu_71.grp_pqcrystals_dilithium2_ref_poly_uniform_fu_17280.grp_keccak_absorb_fu_197,Loop 1,seq_loop_status28.csv
grp_pqcrystals_dilithium2_ref_signature_1_fu_71.grp_pqcrystals_dilithium2_ref_poly_uniform_fu_17280.grp_keccak_absorb_fu_197,VITIS_LOOP_408_3,seq_loop_status29.csv
grp_pqcrystals_dilithium2_ref_signature_1_fu_71.grp_pqcrystals_dilithium2_ref_poly_uniform_fu_17280.grp_keccak_absorb_fu_197.grp_keccak_absorb_Pipeline_VITIS_LOOP_391_1_fu_253,VITIS_LOOP_391_1,upc_loop_status20.csv
grp_pqcrystals_dilithium2_ref_signature_1_fu_71.grp_pqcrystals_dilithium2_ref_poly_uniform_fu_17280.grp_keccak_absorb_fu_197.grp_keccak_absorb_Pipeline_VITIS_LOOP_30_1_fu_262,VITIS_LOOP_30_1,upc_loop_status21.csv
grp_pqcrystals_dilithium2_ref_signature_1_fu_71.grp_pqcrystals_dilithium2_ref_poly_uniform_fu_17280.grp_keccak_absorb_fu_197.grp_keccak_absorb_Pipeline_VITIS_LOOP_400_2_fu_268,VITIS_LOOP_400_2,upc_loop_status22.csv
grp_pqcrystals_dilithium2_ref_signature_1_fu_71.grp_pqcrystals_dilithium2_ref_poly_uniform_fu_17280.grp_keccak_absorb_fu_197.grp_KeccakF1600_StatePermute_fu_277,VITIS_LOOP_131_1,seq_loop_status30.csv
grp_pqcrystals_dilithium2_ref_signature_1_fu_71.grp_pqcrystals_dilithium2_ref_poly_uniform_fu_17280.grp_keccak_absorb_fu_197.grp_keccak_absorb_Pipeline_VITIS_LOOP_409_4_fu_285,VITIS_LOOP_409_4,upc_loop_status23.csv
grp_pqcrystals_dilithium2_ref_signature_1_fu_71.grp_pqcrystals_dilithium2_ref_poly_uniform_fu_17280.grp_keccak_absorb_fu_197.grp_keccak_absorb_Pipeline_VITIS_LOOP_416_5_fu_294,VITIS_LOOP_416_5,upc_loop_status24.csv
grp_pqcrystals_dilithium2_ref_signature_1_fu_71.grp_pqcrystals_dilithium2_ref_poly_uniform_fu_17280.grp_keccak_absorb_fu_197.grp_keccak_absorb_Pipeline_VITIS_LOOP_30_125_fu_318,VITIS_LOOP_30_1,upc_loop_status25.csv
grp_pqcrystals_dilithium2_ref_signature_1_fu_71.grp_pqcrystals_dilithium2_ref_poly_uniform_fu_17280.grp_KeccakF1600_StatePermute_fu_210,VITIS_LOOP_131_1,seq_loop_status31.csv
grp_pqcrystals_dilithium2_ref_signature_1_fu_71.grp_pqcrystals_dilithium2_ref_poly_uniform_fu_17280.grp_pqcrystals_dilithium2_ref_poly_uniform_Pipeline_VITIS_LOOP_337_1_fu_217,VITIS_LOOP_337_1,upc_loop_status26.csv
grp_pqcrystals_dilithium2_ref_signature_1_fu_71.grp_pqcrystals_dilithium2_ref_poly_uniform_fu_17280.grp_pqcrystals_dilithium2_ref_poly_uniform_Pipeline_VITIS_LOOP_476_2_fu_226,VITIS_LOOP_476_2,upc_loop_status27.csv
grp_pqcrystals_dilithium2_ref_signature_1_fu_71.grp_pqcrystals_dilithium2_ref_poly_uniform_fu_17280.grp_pqcrystals_dilithium2_ref_poly_uniform_Pipeline_VITIS_LOOP_379_2_fu_233,VITIS_LOOP_379_2,upc_loop_status28.csv
grp_pqcrystals_dilithium2_ref_signature_1_fu_71.grp_pqcrystals_dilithium2_ref_poly_uniform_fu_17280.grp_pqcrystals_dilithium2_ref_poly_uniform_Pipeline_VITIS_LOOP_476_221_fu_240,VITIS_LOOP_476_2,upc_loop_status29.csv
grp_pqcrystals_dilithium2_ref_signature_1_fu_71.grp_pqcrystals_dilithium2_ref_poly_uniform_fu_17280.grp_pqcrystals_dilithium2_ref_poly_uniform_Pipeline_VITIS_LOOP_337_122_fu_247,VITIS_LOOP_337_1,upc_loop_status30.csv
grp_pqcrystals_dilithium2_ref_signature_1_fu_71.grp_pqcrystals_dilithium2_ref_poly_uniform_gamma1_fu_17324,VITIS_LOOP_362_1,seq_loop_status32.csv
grp_pqcrystals_dilithium2_ref_signature_1_fu_71.grp_pqcrystals_dilithium2_ref_poly_uniform_gamma1_fu_17324,VITIS_LOOP_474_1,seq_loop_status33.csv
grp_pqcrystals_dilithium2_ref_signature_1_fu_71.grp_pqcrystals_dilithium2_ref_poly_uniform_gamma1_fu_17324.grp_pqcrystals_dilithium2_ref_poly_uniform_gamma1_Pipeline_VITIS_LOOP_416_5_fu_142,VITIS_LOOP_416_5,upc_loop_status31.csv
grp_pqcrystals_dilithium2_ref_signature_1_fu_71.grp_pqcrystals_dilithium2_ref_poly_uniform_gamma1_fu_17324.grp_keccak_absorb_fu_149,Loop 1,seq_loop_status34.csv
grp_pqcrystals_dilithium2_ref_signature_1_fu_71.grp_pqcrystals_dilithium2_ref_poly_uniform_gamma1_fu_17324.grp_keccak_absorb_fu_149,VITIS_LOOP_408_3,seq_loop_status35.csv
grp_pqcrystals_dilithium2_ref_signature_1_fu_71.grp_pqcrystals_dilithium2_ref_poly_uniform_gamma1_fu_17324.grp_keccak_absorb_fu_149.grp_keccak_absorb_Pipeline_VITIS_LOOP_391_1_fu_253,VITIS_LOOP_391_1,upc_loop_status32.csv
grp_pqcrystals_dilithium2_ref_signature_1_fu_71.grp_pqcrystals_dilithium2_ref_poly_uniform_gamma1_fu_17324.grp_keccak_absorb_fu_149.grp_keccak_absorb_Pipeline_VITIS_LOOP_30_1_fu_262,VITIS_LOOP_30_1,upc_loop_status33.csv
grp_pqcrystals_dilithium2_ref_signature_1_fu_71.grp_pqcrystals_dilithium2_ref_poly_uniform_gamma1_fu_17324.grp_keccak_absorb_fu_149.grp_keccak_absorb_Pipeline_VITIS_LOOP_400_2_fu_268,VITIS_LOOP_400_2,upc_loop_status34.csv
grp_pqcrystals_dilithium2_ref_signature_1_fu_71.grp_pqcrystals_dilithium2_ref_poly_uniform_gamma1_fu_17324.grp_keccak_absorb_fu_149.grp_KeccakF1600_StatePermute_fu_277,VITIS_LOOP_131_1,seq_loop_status36.csv
grp_pqcrystals_dilithium2_ref_signature_1_fu_71.grp_pqcrystals_dilithium2_ref_poly_uniform_gamma1_fu_17324.grp_keccak_absorb_fu_149.grp_keccak_absorb_Pipeline_VITIS_LOOP_409_4_fu_285,VITIS_LOOP_409_4,upc_loop_status35.csv
grp_pqcrystals_dilithium2_ref_signature_1_fu_71.grp_pqcrystals_dilithium2_ref_poly_uniform_gamma1_fu_17324.grp_keccak_absorb_fu_149.grp_keccak_absorb_Pipeline_VITIS_LOOP_416_5_fu_294,VITIS_LOOP_416_5,upc_loop_status36.csv
grp_pqcrystals_dilithium2_ref_signature_1_fu_71.grp_pqcrystals_dilithium2_ref_poly_uniform_gamma1_fu_17324.grp_keccak_absorb_fu_149.grp_keccak_absorb_Pipeline_VITIS_LOOP_30_125_fu_318,VITIS_LOOP_30_1,upc_loop_status37.csv
grp_pqcrystals_dilithium2_ref_signature_1_fu_71.grp_pqcrystals_dilithium2_ref_poly_uniform_gamma1_fu_17324.grp_KeccakF1600_StatePermute_fu_162,VITIS_LOOP_131_1,seq_loop_status37.csv
grp_pqcrystals_dilithium2_ref_signature_1_fu_71.grp_pqcrystals_dilithium2_ref_poly_uniform_gamma1_fu_17324.grp_pqcrystals_dilithium2_ref_poly_uniform_gamma1_Pipeline_VITIS_LOOP_854_1_fu_169,VITIS_LOOP_854_1,upc_loop_status38.csv
grp_pqcrystals_dilithium2_ref_signature_1_fu_71.grp_pqcrystals_dilithium2_ref_poly_uniform_gamma1_fu_17324.grp_pqcrystals_dilithium2_ref_poly_uniform_gamma1_Pipeline_VITIS_LOOP_476_2_fu_177,VITIS_LOOP_476_2,upc_loop_status39.csv
grp_pqcrystals_dilithium2_ref_signature_1_fu_71.grp_pqcrystals_dilithium2_ref_signature_1_Pipeline_VITIS_LOOP_180_1_fu_17345,VITIS_LOOP_180_1,upc_loop_status40.csv
grp_pqcrystals_dilithium2_ref_signature_1_fu_71.grp_pqcrystals_dilithium2_ref_signature_1_Pipeline_VITIS_LOOP_187_1_VITIS_LOOP_32_1_fu_17354,VITIS_LOOP_187_1_VITIS_LOOP_32_1,upc_loop_status41.csv
grp_pqcrystals_dilithium2_ref_signature_1_fu_71.grp_pqcrystals_dilithium2_ref_signature_1_Pipeline_VITIS_LOOP_180_113_fu_17364,VITIS_LOOP_180_1,upc_loop_status42.csv
grp_pqcrystals_dilithium2_ref_signature_1_fu_71.grp_pqcrystals_dilithium2_ref_signature_1_Pipeline_VITIS_LOOP_87_1_fu_17373,VITIS_LOOP_87_1,upc_loop_status43.csv
grp_pqcrystals_dilithium2_ref_signature_1_fu_71.grp_pqcrystals_dilithium2_ref_polyveck_invntt_tomont_fu_17380,VITIS_LOOP_84_2,seq_loop_status38.csv
grp_pqcrystals_dilithium2_ref_signature_1_fu_71.grp_pqcrystals_dilithium2_ref_polyveck_invntt_tomont_fu_17380,VITIS_LOOP_83_1,seq_loop_status39.csv
grp_pqcrystals_dilithium2_ref_signature_1_fu_71.grp_pqcrystals_dilithium2_ref_polyveck_invntt_tomont_fu_17380,VITIS_LOOP_298_1,seq_loop_status40.csv
grp_pqcrystals_dilithium2_ref_signature_1_fu_71.grp_pqcrystals_dilithium2_ref_polyveck_invntt_tomont_fu_17380.grp_pqcrystals_dilithium2_ref_polyveck_invntt_tomont_Pipeline_VITIS_LOOP_95_4_fu_131,VITIS_LOOP_95_4,upc_loop_status44.csv
grp_pqcrystals_dilithium2_ref_signature_1_fu_71.grp_pqcrystals_dilithium2_ref_signature_1_Pipeline_VITIS_LOOP_202_1_VITIS_LOOP_50_1_fu_17387,VITIS_LOOP_202_1_VITIS_LOOP_50_1,upc_loop_status45.csv
grp_pqcrystals_dilithium2_ref_signature_1_fu_71.grp_pqcrystals_dilithium2_ref_signature_1_Pipeline_VITIS_LOOP_371_1_VITIS_LOOP_225_1_fu_17392,VITIS_LOOP_371_1_VITIS_LOOP_225_1,upc_loop_status46.csv
grp_pqcrystals_dilithium2_ref_signature_1_fu_71.grp_pqcrystals_dilithium2_ref_signature_1_Pipeline_VITIS_LOOP_418_1_VITIS_LOOP_915_1_fu_17398,VITIS_LOOP_418_1_VITIS_LOOP_915_1,upc_loop_status47.csv
grp_pqcrystals_dilithium2_ref_signature_1_fu_71.grp_keccak_squeeze_1_fu_17405,VITIS_LOOP_540_5,seq_loop_status41.csv
grp_pqcrystals_dilithium2_ref_signature_1_fu_71.grp_keccak_squeeze_1_fu_17405.grp_KeccakF1600_StatePermute_fu_172,VITIS_LOOP_131_1,seq_loop_status42.csv
grp_pqcrystals_dilithium2_ref_signature_1_fu_71.grp_pqcrystals_dilithium2_ref_poly_challenge_1_fu_17414,VITIS_LOOP_362_1,seq_loop_status43.csv
grp_pqcrystals_dilithium2_ref_signature_1_fu_71.grp_pqcrystals_dilithium2_ref_poly_challenge_1_fu_17414,VITIS_LOOP_530_4,seq_loop_status44.csv
grp_pqcrystals_dilithium2_ref_signature_1_fu_71.grp_pqcrystals_dilithium2_ref_poly_challenge_1_fu_17414,VITIS_LOOP_529_3,seq_loop_status45.csv
grp_pqcrystals_dilithium2_ref_signature_1_fu_71.grp_pqcrystals_dilithium2_ref_poly_challenge_1_fu_17414.grp_keccak_absorb_1_fu_203,Loop 1,seq_loop_status46.csv
grp_pqcrystals_dilithium2_ref_signature_1_fu_71.grp_pqcrystals_dilithium2_ref_poly_challenge_1_fu_17414.grp_keccak_absorb_1_fu_203,VITIS_LOOP_408_3,seq_loop_status47.csv
grp_pqcrystals_dilithium2_ref_signature_1_fu_71.grp_pqcrystals_dilithium2_ref_poly_challenge_1_fu_17414.grp_keccak_absorb_1_fu_203.grp_keccak_absorb_1_Pipeline_VITIS_LOOP_391_1_fu_262,VITIS_LOOP_391_1,upc_loop_status48.csv
grp_pqcrystals_dilithium2_ref_signature_1_fu_71.grp_pqcrystals_dilithium2_ref_poly_challenge_1_fu_17414.grp_keccak_absorb_1_fu_203.grp_keccak_absorb_1_Pipeline_VITIS_LOOP_30_1_fu_272,VITIS_LOOP_30_1,upc_loop_status49.csv
grp_pqcrystals_dilithium2_ref_signature_1_fu_71.grp_pqcrystals_dilithium2_ref_poly_challenge_1_fu_17414.grp_keccak_absorb_1_fu_203.grp_keccak_absorb_1_Pipeline_VITIS_LOOP_400_2_fu_278,VITIS_LOOP_400_2,upc_loop_status50.csv
grp_pqcrystals_dilithium2_ref_signature_1_fu_71.grp_pqcrystals_dilithium2_ref_poly_challenge_1_fu_17414.grp_keccak_absorb_1_fu_203.grp_KeccakF1600_StatePermute_fu_291,VITIS_LOOP_131_1,seq_loop_status48.csv
grp_pqcrystals_dilithium2_ref_signature_1_fu_71.grp_pqcrystals_dilithium2_ref_poly_challenge_1_fu_17414.grp_keccak_absorb_1_fu_203.grp_keccak_absorb_1_Pipeline_VITIS_LOOP_409_4_fu_299,VITIS_LOOP_409_4,upc_loop_status51.csv
grp_pqcrystals_dilithium2_ref_signature_1_fu_71.grp_pqcrystals_dilithium2_ref_poly_challenge_1_fu_17414.grp_keccak_absorb_1_fu_203.grp_keccak_absorb_1_Pipeline_VITIS_LOOP_416_5_fu_309,VITIS_LOOP_416_5,upc_loop_status52.csv
grp_pqcrystals_dilithium2_ref_signature_1_fu_71.grp_pqcrystals_dilithium2_ref_poly_challenge_1_fu_17414.grp_keccak_absorb_1_fu_203.grp_keccak_absorb_1_Pipeline_VITIS_LOOP_425_7_fu_325,VITIS_LOOP_425_7,upc_loop_status53.csv
grp_pqcrystals_dilithium2_ref_signature_1_fu_71.grp_pqcrystals_dilithium2_ref_poly_challenge_1_fu_17414.grp_keccak_absorb_1_fu_203.grp_keccak_absorb_1_Pipeline_VITIS_LOOP_30_124_fu_335,VITIS_LOOP_30_1,upc_loop_status54.csv
grp_pqcrystals_dilithium2_ref_signature_1_fu_71.grp_pqcrystals_dilithium2_ref_poly_challenge_1_fu_17414.grp_KeccakF1600_StatePermute_fu_224,VITIS_LOOP_131_1,seq_loop_status49.csv
grp_pqcrystals_dilithium2_ref_signature_1_fu_71.grp_pqcrystals_dilithium2_ref_poly_challenge_1_fu_17414.grp_pqcrystals_dilithium2_ref_poly_challenge_1_Pipeline_VITIS_LOOP_476_2_fu_231,VITIS_LOOP_476_2,upc_loop_status55.csv
grp_pqcrystals_dilithium2_ref_signature_1_fu_71.grp_pqcrystals_dilithium2_ref_poly_challenge_1_fu_17414.grp_pqcrystals_dilithium2_ref_poly_challenge_1_Pipeline_VITIS_LOOP_523_1_fu_237,VITIS_LOOP_523_1,upc_loop_status56.csv
grp_pqcrystals_dilithium2_ref_signature_1_fu_71.grp_pqcrystals_dilithium2_ref_poly_challenge_1_fu_17414.grp_pqcrystals_dilithium2_ref_poly_challenge_1_Pipeline_VITIS_LOOP_476_223_fu_243,VITIS_LOOP_476_2,upc_loop_status57.csv
grp_pqcrystals_dilithium2_ref_signature_1_fu_71.grp_pqcrystals_dilithium2_ref_signature_1_Pipeline_VITIS_LOOP_114_1_VITIS_LOOP_180_1_fu_17423,VITIS_LOOP_114_1_VITIS_LOOP_180_1,upc_loop_status58.csv
grp_pqcrystals_dilithium2_ref_signature_1_fu_71.grp_pqcrystals_dilithium2_ref_signature_1_Pipeline_VITIS_LOOP_85_1_VITIS_LOOP_87_1_fu_17441,VITIS_LOOP_85_1_VITIS_LOOP_87_1,upc_loop_status59.csv
grp_pqcrystals_dilithium2_ref_signature_1_fu_71.grp_pqcrystals_dilithium2_ref_signature_1_Pipeline_VITIS_LOOP_95_4_fu_17447,VITIS_LOOP_95_4,upc_loop_status60.csv
grp_pqcrystals_dilithium2_ref_signature_1_fu_71.grp_pqcrystals_dilithium2_ref_signature_1_Pipeline_VITIS_LOOP_53_1_VITIS_LOOP_32_1_fu_17463,VITIS_LOOP_53_1_VITIS_LOOP_32_1,upc_loop_status61.csv
grp_pqcrystals_dilithium2_ref_signature_1_fu_71.grp_pqcrystals_dilithium2_ref_signature_1_Pipeline_VITIS_LOOP_305_1_VITIS_LOOP_180_1_1_1_fu_17473,VITIS_LOOP_305_1_VITIS_LOOP_180_1,upc_loop_status62.csv
grp_pqcrystals_dilithium2_ref_signature_1_fu_71.grp_pqcrystals_dilithium2_ref_signature_1_Pipeline_VITIS_LOOP_252_1_VITIS_LOOP_108_1_fu_17480,VITIS_LOOP_252_1_VITIS_LOOP_108_1,upc_loop_status63.csv
grp_pqcrystals_dilithium2_ref_signature_1_fu_71.grp_pqcrystals_dilithium2_ref_signature_1_Pipeline_VITIS_LOOP_187_1_VITIS_LOOP_32_11_1_fu_17486,VITIS_LOOP_187_1_VITIS_LOOP_32_1,upc_loop_status64.csv
grp_pqcrystals_dilithium2_ref_signature_1_fu_71.grp_pqcrystals_dilithium2_ref_signature_1_Pipeline_VITIS_LOOP_305_1_VITIS_LOOP_180_1_1_fu_17496,VITIS_LOOP_305_1_VITIS_LOOP_180_1,upc_loop_status65.csv
grp_pqcrystals_dilithium2_ref_signature_1_fu_71.grp_pqcrystals_dilithium2_ref_signature_1_Pipeline_VITIS_LOOP_187_1_VITIS_LOOP_32_11_fu_17503,VITIS_LOOP_187_1_VITIS_LOOP_32_1,upc_loop_status66.csv
grp_pqcrystals_dilithium2_ref_signature_1_fu_71.grp_pqcrystals_dilithium2_ref_signature_1_Pipeline_VITIS_LOOP_234_1_VITIS_LOOP_87_1_fu_17513,VITIS_LOOP_234_1_VITIS_LOOP_87_1,upc_loop_status67.csv
grp_pqcrystals_dilithium2_ref_signature_1_fu_71.grp_pqcrystals_dilithium2_ref_signature_1_Pipeline_VITIS_LOOP_202_1_VITIS_LOOP_50_12_fu_17519,VITIS_LOOP_202_1_VITIS_LOOP_50_1,upc_loop_status68.csv
grp_pqcrystals_dilithium2_ref_signature_1_fu_71.grp_pqcrystals_dilithium2_ref_signature_1_Pipeline_VITIS_LOOP_392_1_VITIS_LOOP_248_1_fu_17524,VITIS_LOOP_392_1_VITIS_LOOP_248_1,upc_loop_status69.csv
grp_pqcrystals_dilithium2_ref_signature_1_fu_71.grp_pqcrystals_dilithium2_ref_pack_sig_1_fu_17532.grp_pqcrystals_dilithium2_ref_pack_sig_1_Pipeline_VITIS_LOOP_167_2_VITIS_LOOP_804_1_fu_22,VITIS_LOOP_167_2_VITIS_LOOP_804_1,upc_loop_status70.csv
grp_pqcrystals_dilithium2_ref_signature_1_fu_71.grp_pqcrystals_dilithium2_ref_pack_sig_1_fu_17532.grp_pqcrystals_dilithium2_ref_pack_sig_1_Pipeline_VITIS_LOOP_176_4_VITIS_LOOP_177_5_fu_36,VITIS_LOOP_176_4_VITIS_LOOP_177_5,upc_loop_status71.csv
