,AESL_inst_pqcrystals_dilithium2_ref,,module_status1.csv
,grp_pqcrystals_dilithium2_ref_Pipeline_VITIS_LOOP_205_1_fu_59,,module_status2.csv
,grp_pqcrystals_dilithium2_ref_signature_1_fu_71,,module_status3.csv
grp_pqcrystals_dilithium2_ref_signature_1_fu_71,grp_pqcrystals_dilithium2_ref_signature_1_Pipeline_VITIS_LOOP_122_1_fu_17167,,module_status4.csv
grp_pqcrystals_dilithium2_ref_signature_1_fu_71,grp_pqcrystals_dilithium2_ref_signature_1_Pipeline_VITIS_LOOP_362_1_fu_17175,,module_status5.csv
grp_pqcrystals_dilithium2_ref_signature_1_fu_71,grp_pqcrystals_dilithium2_ref_signature_1_Pipeline_VITIS_LOOP_362_18_fu_17181,,module_status6.csv
grp_pqcrystals_dilithium2_ref_signature_1_fu_71,grp_pqcrystals_dilithium2_ref_signature_1_Pipeline_VITIS_LOOP_126_2_fu_17187,,module_status7.csv
grp_pqcrystals_dilithium2_ref_signature_1_fu_71,grp_pqcrystals_dilithium2_ref_signature_1_Pipeline_VITIS_LOOP_130_3_fu_17194,,module_status8.csv
grp_pqcrystals_dilithium2_ref_signature_1_fu_71,grp_pqcrystals_dilithium2_ref_signature_1_Pipeline_VITIS_LOOP_134_4_fu_17201,,module_status9.csv
grp_pqcrystals_dilithium2_ref_signature_1_fu_71.grp_pqcrystals_dilithium2_ref_signature_1_Pipeline_VITIS_LOOP_134_4_fu_17201,grp_pqcrystals_dilithium2_ref_polyeta_unpack_1_fu_50,,module_status10.csv
grp_pqcrystals_dilithium2_ref_signature_1_fu_71,grp_keccak_absorb_19_fu_17208,,module_status11.csv
grp_pqcrystals_dilithium2_ref_signature_1_fu_71,grp_pqcrystals_dilithium2_ref_signature_1_Pipeline_VITIS_LOOP_138_5_fu_17217,,module_status12.csv
grp_pqcrystals_dilithium2_ref_signature_1_fu_71.grp_pqcrystals_dilithium2_ref_signature_1_Pipeline_VITIS_LOOP_138_5_fu_17217,grp_pqcrystals_dilithium2_ref_polyeta_unpack_1_fu_50,,module_status13.csv
grp_pqcrystals_dilithium2_ref_signature_1_fu_71,grp_keccak_absorb_1_fu_17224,,module_status14.csv
grp_pqcrystals_dilithium2_ref_signature_1_fu_71.grp_keccak_absorb_1_fu_17224,grp_keccak_absorb_1_Pipeline_VITIS_LOOP_391_1_fu_262,,module_status15.csv
grp_pqcrystals_dilithium2_ref_signature_1_fu_71.grp_keccak_absorb_1_fu_17224,grp_keccak_absorb_1_Pipeline_VITIS_LOOP_30_1_fu_272,,module_status16.csv
grp_pqcrystals_dilithium2_ref_signature_1_fu_71.grp_keccak_absorb_1_fu_17224,grp_keccak_absorb_1_Pipeline_VITIS_LOOP_400_2_fu_278,,module_status17.csv
grp_pqcrystals_dilithium2_ref_signature_1_fu_71.grp_keccak_absorb_1_fu_17224,grp_KeccakF1600_StatePermute_fu_291,,module_status18.csv
grp_pqcrystals_dilithium2_ref_signature_1_fu_71.grp_keccak_absorb_1_fu_17224,grp_keccak_absorb_1_Pipeline_VITIS_LOOP_409_4_fu_299,,module_status19.csv
grp_pqcrystals_dilithium2_ref_signature_1_fu_71.grp_keccak_absorb_1_fu_17224,grp_keccak_absorb_1_Pipeline_VITIS_LOOP_416_5_fu_309,,module_status20.csv
grp_pqcrystals_dilithium2_ref_signature_1_fu_71.grp_keccak_absorb_1_fu_17224,grp_keccak_absorb_1_Pipeline_VITIS_LOOP_423_6_fu_320,,module_status21.csv
grp_pqcrystals_dilithium2_ref_signature_1_fu_71.grp_keccak_absorb_1_fu_17224,grp_keccak_absorb_1_Pipeline_VITIS_LOOP_425_7_fu_325,,module_status22.csv
grp_pqcrystals_dilithium2_ref_signature_1_fu_71.grp_keccak_absorb_1_fu_17224,grp_keccak_absorb_1_Pipeline_VITIS_LOOP_30_124_fu_335,,module_status23.csv
grp_pqcrystals_dilithium2_ref_signature_1_fu_71,grp_pqcrystals_dilithium2_ref_signature_1_Pipeline_VITIS_LOOP_142_6_fu_17241,,module_status24.csv
grp_pqcrystals_dilithium2_ref_signature_1_fu_71.grp_pqcrystals_dilithium2_ref_signature_1_Pipeline_VITIS_LOOP_142_6_fu_17241,grp_pqcrystals_dilithium2_ref_polyt0_unpack_1_fu_50,,module_status25.csv
grp_pqcrystals_dilithium2_ref_signature_1_fu_71,grp_KeccakF1600_StatePermute_fu_17248,,module_status26.csv
grp_pqcrystals_dilithium2_ref_signature_1_fu_71,grp_pqcrystals_dilithium2_ref_signature_1_Pipeline_VITIS_LOOP_540_5_fu_17255,,module_status27.csv
grp_pqcrystals_dilithium2_ref_signature_1_fu_71,grp_pqcrystals_dilithium2_ref_signature_1_Pipeline_VITIS_LOOP_416_5_fu_17261,,module_status28.csv
grp_pqcrystals_dilithium2_ref_signature_1_fu_71,grp_KeccakF1600_StatePermute_1_fu_17267,,module_status29.csv
grp_pqcrystals_dilithium2_ref_signature_1_fu_71,grp_pqcrystals_dilithium2_ref_signature_1_Pipeline_VITIS_LOOP_540_59_fu_17274,,module_status30.csv
grp_pqcrystals_dilithium2_ref_signature_1_fu_71,grp_pqcrystals_dilithium2_ref_poly_uniform_fu_17280,,module_status31.csv
grp_pqcrystals_dilithium2_ref_signature_1_fu_71.grp_pqcrystals_dilithium2_ref_poly_uniform_fu_17280,grp_pqcrystals_dilithium2_ref_poly_uniform_Pipeline_VITIS_LOOP_416_5_fu_190,,module_status32.csv
grp_pqcrystals_dilithium2_ref_signature_1_fu_71.grp_pqcrystals_dilithium2_ref_poly_uniform_fu_17280,grp_keccak_absorb_fu_197,,module_status33.csv
grp_pqcrystals_dilithium2_ref_signature_1_fu_71.grp_pqcrystals_dilithium2_ref_poly_uniform_fu_17280.grp_keccak_absorb_fu_197,grp_keccak_absorb_Pipeline_VITIS_LOOP_391_1_fu_253,,module_status34.csv
grp_pqcrystals_dilithium2_ref_signature_1_fu_71.grp_pqcrystals_dilithium2_ref_poly_uniform_fu_17280.grp_keccak_absorb_fu_197,grp_keccak_absorb_Pipeline_VITIS_LOOP_30_1_fu_262,,module_status35.csv
grp_pqcrystals_dilithium2_ref_signature_1_fu_71.grp_pqcrystals_dilithium2_ref_poly_uniform_fu_17280.grp_keccak_absorb_fu_197,grp_keccak_absorb_Pipeline_VITIS_LOOP_400_2_fu_268,,module_status36.csv
grp_pqcrystals_dilithium2_ref_signature_1_fu_71.grp_pqcrystals_dilithium2_ref_poly_uniform_fu_17280.grp_keccak_absorb_fu_197,grp_KeccakF1600_StatePermute_fu_277,,module_status37.csv
grp_pqcrystals_dilithium2_ref_signature_1_fu_71.grp_pqcrystals_dilithium2_ref_poly_uniform_fu_17280.grp_keccak_absorb_fu_197,grp_keccak_absorb_Pipeline_VITIS_LOOP_409_4_fu_285,,module_status38.csv
grp_pqcrystals_dilithium2_ref_signature_1_fu_71.grp_pqcrystals_dilithium2_ref_poly_uniform_fu_17280.grp_keccak_absorb_fu_197,grp_keccak_absorb_Pipeline_VITIS_LOOP_416_5_fu_294,,module_status39.csv
grp_pqcrystals_dilithium2_ref_signature_1_fu_71.grp_pqcrystals_dilithium2_ref_poly_uniform_fu_17280.grp_keccak_absorb_fu_197,grp_keccak_absorb_Pipeline_VITIS_LOOP_423_6_fu_304,,module_status40.csv
grp_pqcrystals_dilithium2_ref_signature_1_fu_71.grp_pqcrystals_dilithium2_ref_poly_uniform_fu_17280.grp_keccak_absorb_fu_197,grp_keccak_absorb_Pipeline_VITIS_LOOP_425_7_fu_309,,module_status41.csv
grp_pqcrystals_dilithium2_ref_signature_1_fu_71.grp_pqcrystals_dilithium2_ref_poly_uniform_fu_17280.grp_keccak_absorb_fu_197,grp_keccak_absorb_Pipeline_VITIS_LOOP_30_125_fu_318,,module_status42.csv
grp_pqcrystals_dilithium2_ref_signature_1_fu_71.grp_pqcrystals_dilithium2_ref_poly_uniform_fu_17280,grp_KeccakF1600_StatePermute_fu_210,,module_status43.csv
grp_pqcrystals_dilithium2_ref_signature_1_fu_71.grp_pqcrystals_dilithium2_ref_poly_uniform_fu_17280,grp_pqcrystals_dilithium2_ref_poly_uniform_Pipeline_VITIS_LOOP_337_1_fu_217,,module_status44.csv
grp_pqcrystals_dilithium2_ref_signature_1_fu_71.grp_pqcrystals_dilithium2_ref_poly_uniform_fu_17280,grp_pqcrystals_dilithium2_ref_poly_uniform_Pipeline_VITIS_LOOP_476_2_fu_226,,module_status45.csv
grp_pqcrystals_dilithium2_ref_signature_1_fu_71.grp_pqcrystals_dilithium2_ref_poly_uniform_fu_17280,grp_pqcrystals_dilithium2_ref_poly_uniform_Pipeline_VITIS_LOOP_379_2_fu_233,,module_status46.csv
grp_pqcrystals_dilithium2_ref_signature_1_fu_71.grp_pqcrystals_dilithium2_ref_poly_uniform_fu_17280,grp_pqcrystals_dilithium2_ref_poly_uniform_Pipeline_VITIS_LOOP_476_221_fu_240,,module_status47.csv
grp_pqcrystals_dilithium2_ref_signature_1_fu_71.grp_pqcrystals_dilithium2_ref_poly_uniform_fu_17280,grp_pqcrystals_dilithium2_ref_poly_uniform_Pipeline_VITIS_LOOP_337_122_fu_247,,module_status48.csv
grp_pqcrystals_dilithium2_ref_signature_1_fu_71,grp_pqcrystals_dilithium2_ref_signature_1_Pipeline_VITIS_LOOP_57_3_fu_17291,,module_status49.csv
grp_pqcrystals_dilithium2_ref_signature_1_fu_71,grp_pqcrystals_dilithium2_ref_signature_1_Pipeline_VITIS_LOOP_57_310_fu_17302,,module_status50.csv
grp_pqcrystals_dilithium2_ref_signature_1_fu_71,grp_pqcrystals_dilithium2_ref_signature_1_Pipeline_VITIS_LOOP_57_311_fu_17313,,module_status51.csv
grp_pqcrystals_dilithium2_ref_signature_1_fu_71,grp_pqcrystals_dilithium2_ref_poly_uniform_gamma1_fu_17324,,module_status52.csv
grp_pqcrystals_dilithium2_ref_signature_1_fu_71.grp_pqcrystals_dilithium2_ref_poly_uniform_gamma1_fu_17324,grp_pqcrystals_dilithium2_ref_poly_uniform_gamma1_Pipeline_VITIS_LOOP_416_5_fu_142,,module_status53.csv
grp_pqcrystals_dilithium2_ref_signature_1_fu_71.grp_pqcrystals_dilithium2_ref_poly_uniform_gamma1_fu_17324,grp_keccak_absorb_fu_149,,module_status54.csv
grp_pqcrystals_dilithium2_ref_signature_1_fu_71.grp_pqcrystals_dilithium2_ref_poly_uniform_gamma1_fu_17324.grp_keccak_absorb_fu_149,grp_keccak_absorb_Pipeline_VITIS_LOOP_391_1_fu_253,,module_status55.csv
grp_pqcrystals_dilithium2_ref_signature_1_fu_71.grp_pqcrystals_dilithium2_ref_poly_uniform_gamma1_fu_17324.grp_keccak_absorb_fu_149,grp_keccak_absorb_Pipeline_VITIS_LOOP_30_1_fu_262,,module_status56.csv
grp_pqcrystals_dilithium2_ref_signature_1_fu_71.grp_pqcrystals_dilithium2_ref_poly_uniform_gamma1_fu_17324.grp_keccak_absorb_fu_149,grp_keccak_absorb_Pipeline_VITIS_LOOP_400_2_fu_268,,module_status57.csv
grp_pqcrystals_dilithium2_ref_signature_1_fu_71.grp_pqcrystals_dilithium2_ref_poly_uniform_gamma1_fu_17324.grp_keccak_absorb_fu_149,grp_KeccakF1600_StatePermute_fu_277,,module_status58.csv
grp_pqcrystals_dilithium2_ref_signature_1_fu_71.grp_pqcrystals_dilithium2_ref_poly_uniform_gamma1_fu_17324.grp_keccak_absorb_fu_149,grp_keccak_absorb_Pipeline_VITIS_LOOP_409_4_fu_285,,module_status59.csv
grp_pqcrystals_dilithium2_ref_signature_1_fu_71.grp_pqcrystals_dilithium2_ref_poly_uniform_gamma1_fu_17324.grp_keccak_absorb_fu_149,grp_keccak_absorb_Pipeline_VITIS_LOOP_416_5_fu_294,,module_status60.csv
grp_pqcrystals_dilithium2_ref_signature_1_fu_71.grp_pqcrystals_dilithium2_ref_poly_uniform_gamma1_fu_17324.grp_keccak_absorb_fu_149,grp_keccak_absorb_Pipeline_VITIS_LOOP_423_6_fu_304,,module_status61.csv
grp_pqcrystals_dilithium2_ref_signature_1_fu_71.grp_pqcrystals_dilithium2_ref_poly_uniform_gamma1_fu_17324.grp_keccak_absorb_fu_149,grp_keccak_absorb_Pipeline_VITIS_LOOP_425_7_fu_309,,module_status62.csv
grp_pqcrystals_dilithium2_ref_signature_1_fu_71.grp_pqcrystals_dilithium2_ref_poly_uniform_gamma1_fu_17324.grp_keccak_absorb_fu_149,grp_keccak_absorb_Pipeline_VITIS_LOOP_30_125_fu_318,,module_status63.csv
grp_pqcrystals_dilithium2_ref_signature_1_fu_71.grp_pqcrystals_dilithium2_ref_poly_uniform_gamma1_fu_17324,grp_KeccakF1600_StatePermute_fu_162,,module_status64.csv
grp_pqcrystals_dilithium2_ref_signature_1_fu_71.grp_pqcrystals_dilithium2_ref_poly_uniform_gamma1_fu_17324,grp_pqcrystals_dilithium2_ref_poly_uniform_gamma1_Pipeline_VITIS_LOOP_854_1_fu_169,,module_status65.csv
grp_pqcrystals_dilithium2_ref_signature_1_fu_71.grp_pqcrystals_dilithium2_ref_poly_uniform_gamma1_fu_17324,grp_pqcrystals_dilithium2_ref_poly_uniform_gamma1_Pipeline_VITIS_LOOP_476_2_fu_177,,module_status66.csv
grp_pqcrystals_dilithium2_ref_signature_1_fu_71,grp_pqcrystals_dilithium2_ref_signature_1_Pipeline_VITIS_LOOP_57_312_fu_17334,,module_status67.csv
grp_pqcrystals_dilithium2_ref_signature_1_fu_71,grp_pqcrystals_dilithium2_ref_signature_1_Pipeline_VITIS_LOOP_180_1_fu_17345,,module_status68.csv
grp_pqcrystals_dilithium2_ref_signature_1_fu_71,grp_pqcrystals_dilithium2_ref_signature_1_Pipeline_VITIS_LOOP_187_1_VITIS_LOOP_32_1_fu_17354,,module_status69.csv
grp_pqcrystals_dilithium2_ref_signature_1_fu_71,grp_pqcrystals_dilithium2_ref_signature_1_Pipeline_VITIS_LOOP_362_114_fu_17359,,module_status70.csv
grp_pqcrystals_dilithium2_ref_signature_1_fu_71,grp_pqcrystals_dilithium2_ref_signature_1_Pipeline_VITIS_LOOP_180_113_fu_17364,,module_status71.csv
grp_pqcrystals_dilithium2_ref_signature_1_fu_71,grp_pqcrystals_dilithium2_ref_signature_1_Pipeline_VITIS_LOOP_87_1_fu_17373,,module_status72.csv
grp_pqcrystals_dilithium2_ref_signature_1_fu_71,grp_pqcrystals_dilithium2_ref_polyveck_invntt_tomont_fu_17380,,module_status73.csv
grp_pqcrystals_dilithium2_ref_signature_1_fu_71.grp_pqcrystals_dilithium2_ref_polyveck_invntt_tomont_fu_17380,grp_pqcrystals_dilithium2_ref_polyveck_invntt_tomont_Pipeline_VITIS_LOOP_95_4_fu_131,,module_status74.csv
grp_pqcrystals_dilithium2_ref_signature_1_fu_71.grp_pqcrystals_dilithium2_ref_polyveck_invntt_tomont_fu_17380,grp_pqcrystals_dilithium2_ref_polyveck_invntt_tomont_Pipeline_VITIS_LOOP_86_3_fu_138,,module_status75.csv
grp_pqcrystals_dilithium2_ref_signature_1_fu_71,grp_pqcrystals_dilithium2_ref_signature_1_Pipeline_VITIS_LOOP_202_1_VITIS_LOOP_50_1_fu_17387,,module_status76.csv
grp_pqcrystals_dilithium2_ref_signature_1_fu_71,grp_pqcrystals_dilithium2_ref_signature_1_Pipeline_VITIS_LOOP_371_1_VITIS_LOOP_225_1_fu_17392,,module_status77.csv
grp_pqcrystals_dilithium2_ref_signature_1_fu_71,grp_pqcrystals_dilithium2_ref_signature_1_Pipeline_VITIS_LOOP_418_1_VITIS_LOOP_915_1_fu_17398,,module_status78.csv
grp_pqcrystals_dilithium2_ref_signature_1_fu_71,grp_keccak_squeeze_1_fu_17405,,module_status79.csv
grp_pqcrystals_dilithium2_ref_signature_1_fu_71.grp_keccak_squeeze_1_fu_17405,grp_KeccakF1600_StatePermute_fu_172,,module_status80.csv
grp_pqcrystals_dilithium2_ref_signature_1_fu_71,grp_pqcrystals_dilithium2_ref_poly_challenge_1_fu_17414,,module_status81.csv
grp_pqcrystals_dilithium2_ref_signature_1_fu_71.grp_pqcrystals_dilithium2_ref_poly_challenge_1_fu_17414,grp_keccak_absorb_1_fu_203,,module_status82.csv
grp_pqcrystals_dilithium2_ref_signature_1_fu_71.grp_pqcrystals_dilithium2_ref_poly_challenge_1_fu_17414.grp_keccak_absorb_1_fu_203,grp_keccak_absorb_1_Pipeline_VITIS_LOOP_391_1_fu_262,,module_status83.csv
grp_pqcrystals_dilithium2_ref_signature_1_fu_71.grp_pqcrystals_dilithium2_ref_poly_challenge_1_fu_17414.grp_keccak_absorb_1_fu_203,grp_keccak_absorb_1_Pipeline_VITIS_LOOP_30_1_fu_272,,module_status84.csv
grp_pqcrystals_dilithium2_ref_signature_1_fu_71.grp_pqcrystals_dilithium2_ref_poly_challenge_1_fu_17414.grp_keccak_absorb_1_fu_203,grp_keccak_absorb_1_Pipeline_VITIS_LOOP_400_2_fu_278,,module_status85.csv
grp_pqcrystals_dilithium2_ref_signature_1_fu_71.grp_pqcrystals_dilithium2_ref_poly_challenge_1_fu_17414.grp_keccak_absorb_1_fu_203,grp_KeccakF1600_StatePermute_fu_291,,module_status86.csv
grp_pqcrystals_dilithium2_ref_signature_1_fu_71.grp_pqcrystals_dilithium2_ref_poly_challenge_1_fu_17414.grp_keccak_absorb_1_fu_203,grp_keccak_absorb_1_Pipeline_VITIS_LOOP_409_4_fu_299,,module_status87.csv
grp_pqcrystals_dilithium2_ref_signature_1_fu_71.grp_pqcrystals_dilithium2_ref_poly_challenge_1_fu_17414.grp_keccak_absorb_1_fu_203,grp_keccak_absorb_1_Pipeline_VITIS_LOOP_416_5_fu_309,,module_status88.csv
grp_pqcrystals_dilithium2_ref_signature_1_fu_71.grp_pqcrystals_dilithium2_ref_poly_challenge_1_fu_17414.grp_keccak_absorb_1_fu_203,grp_keccak_absorb_1_Pipeline_VITIS_LOOP_423_6_fu_320,,module_status89.csv
grp_pqcrystals_dilithium2_ref_signature_1_fu_71.grp_pqcrystals_dilithium2_ref_poly_challenge_1_fu_17414.grp_keccak_absorb_1_fu_203,grp_keccak_absorb_1_Pipeline_VITIS_LOOP_425_7_fu_325,,module_status90.csv
grp_pqcrystals_dilithium2_ref_signature_1_fu_71.grp_pqcrystals_dilithium2_ref_poly_challenge_1_fu_17414.grp_keccak_absorb_1_fu_203,grp_keccak_absorb_1_Pipeline_VITIS_LOOP_30_124_fu_335,,module_status91.csv
grp_pqcrystals_dilithium2_ref_signature_1_fu_71.grp_pqcrystals_dilithium2_ref_poly_challenge_1_fu_17414,grp_pqcrystals_dilithium2_ref_poly_challenge_1_Pipeline_VITIS_LOOP_527_2_fu_218,,module_status92.csv
grp_pqcrystals_dilithium2_ref_signature_1_fu_71.grp_pqcrystals_dilithium2_ref_poly_challenge_1_fu_17414,grp_KeccakF1600_StatePermute_fu_224,,module_status93.csv
grp_pqcrystals_dilithium2_ref_signature_1_fu_71.grp_pqcrystals_dilithium2_ref_poly_challenge_1_fu_17414,grp_pqcrystals_dilithium2_ref_poly_challenge_1_Pipeline_VITIS_LOOP_476_2_fu_231,,module_status94.csv
grp_pqcrystals_dilithium2_ref_signature_1_fu_71.grp_pqcrystals_dilithium2_ref_poly_challenge_1_fu_17414,grp_pqcrystals_dilithium2_ref_poly_challenge_1_Pipeline_VITIS_LOOP_523_1_fu_237,,module_status95.csv
grp_pqcrystals_dilithium2_ref_signature_1_fu_71.grp_pqcrystals_dilithium2_ref_poly_challenge_1_fu_17414,grp_pqcrystals_dilithium2_ref_poly_challenge_1_Pipeline_VITIS_LOOP_476_223_fu_243,,module_status96.csv
grp_pqcrystals_dilithium2_ref_signature_1_fu_71,grp_pqcrystals_dilithium2_ref_signature_1_Pipeline_VITIS_LOOP_114_1_VITIS_LOOP_180_1_fu_17423,,module_status97.csv
grp_pqcrystals_dilithium2_ref_signature_1_fu_71,grp_pqcrystals_dilithium2_ref_signature_1_Pipeline_VITIS_LOOP_57_315_fu_17430,,module_status98.csv
grp_pqcrystals_dilithium2_ref_signature_1_fu_71,grp_pqcrystals_dilithium2_ref_signature_1_Pipeline_VITIS_LOOP_85_1_VITIS_LOOP_87_1_fu_17441,,module_status99.csv
grp_pqcrystals_dilithium2_ref_signature_1_fu_71,grp_pqcrystals_dilithium2_ref_signature_1_Pipeline_VITIS_LOOP_95_4_fu_17447,,module_status100.csv
grp_pqcrystals_dilithium2_ref_signature_1_fu_71,grp_pqcrystals_dilithium2_ref_signature_1_Pipeline_VITIS_LOOP_86_3_fu_17453,,module_status101.csv
grp_pqcrystals_dilithium2_ref_signature_1_fu_71,grp_pqcrystals_dilithium2_ref_signature_1_Pipeline_VITIS_LOOP_53_1_VITIS_LOOP_32_1_fu_17463,,module_status102.csv
grp_pqcrystals_dilithium2_ref_signature_1_fu_71,grp_pqcrystals_dilithium2_ref_signature_1_Pipeline_VITIS_LOOP_158_1_VITIS_LOOP_298_1_fu_17468,,module_status103.csv
grp_pqcrystals_dilithium2_ref_signature_1_fu_71,grp_pqcrystals_dilithium2_ref_signature_1_Pipeline_VITIS_LOOP_305_1_VITIS_LOOP_180_1_1_1_fu_17473,,module_status104.csv
grp_pqcrystals_dilithium2_ref_signature_1_fu_71,grp_pqcrystals_dilithium2_ref_signature_1_Pipeline_VITIS_LOOP_252_1_VITIS_LOOP_108_1_fu_17480,,module_status105.csv
grp_pqcrystals_dilithium2_ref_signature_1_fu_71,grp_pqcrystals_dilithium2_ref_signature_1_Pipeline_VITIS_LOOP_187_1_VITIS_LOOP_32_11_1_fu_17486,,module_status106.csv
grp_pqcrystals_dilithium2_ref_signature_1_fu_71,grp_pqcrystals_dilithium2_ref_signature_1_Pipeline_VITIS_LOOP_325_1_VITIS_LOOP_298_1_1_1_fu_17491,,module_status107.csv
grp_pqcrystals_dilithium2_ref_signature_1_fu_71,grp_pqcrystals_dilithium2_ref_signature_1_Pipeline_VITIS_LOOP_305_1_VITIS_LOOP_180_1_1_fu_17496,,module_status108.csv
grp_pqcrystals_dilithium2_ref_signature_1_fu_71,grp_pqcrystals_dilithium2_ref_signature_1_Pipeline_VITIS_LOOP_187_1_VITIS_LOOP_32_11_fu_17503,,module_status109.csv
grp_pqcrystals_dilithium2_ref_signature_1_fu_71,grp_pqcrystals_dilithium2_ref_signature_1_Pipeline_VITIS_LOOP_325_1_VITIS_LOOP_298_1_1_fu_17508,,module_status110.csv
grp_pqcrystals_dilithium2_ref_signature_1_fu_71,grp_pqcrystals_dilithium2_ref_signature_1_Pipeline_VITIS_LOOP_234_1_VITIS_LOOP_87_1_fu_17513,,module_status111.csv
grp_pqcrystals_dilithium2_ref_signature_1_fu_71,grp_pqcrystals_dilithium2_ref_signature_1_Pipeline_VITIS_LOOP_202_1_VITIS_LOOP_50_12_fu_17519,,module_status112.csv
grp_pqcrystals_dilithium2_ref_signature_1_fu_71,grp_pqcrystals_dilithium2_ref_signature_1_Pipeline_VITIS_LOOP_392_1_VITIS_LOOP_248_1_fu_17524,,module_status113.csv
grp_pqcrystals_dilithium2_ref_signature_1_fu_71,grp_pqcrystals_dilithium2_ref_pack_sig_1_fu_17532,,module_status114.csv
grp_pqcrystals_dilithium2_ref_signature_1_fu_71.grp_pqcrystals_dilithium2_ref_pack_sig_1_fu_17532,grp_pqcrystals_dilithium2_ref_pack_sig_1_Pipeline_VITIS_LOOP_167_2_VITIS_LOOP_804_1_fu_22,,module_status115.csv
grp_pqcrystals_dilithium2_ref_signature_1_fu_71.grp_pqcrystals_dilithium2_ref_pack_sig_1_fu_17532,grp_pqcrystals_dilithium2_ref_pack_sig_1_Pipeline_VITIS_LOOP_172_3_fu_30,,module_status116.csv
grp_pqcrystals_dilithium2_ref_signature_1_fu_71.grp_pqcrystals_dilithium2_ref_pack_sig_1_fu_17532,grp_pqcrystals_dilithium2_ref_pack_sig_1_Pipeline_VITIS_LOOP_176_4_VITIS_LOOP_177_5_fu_36,,module_status117.csv
